video_name,algorithm,scene_person_mode,lighting_mode,n_frames_total,n_frames_scored,n_frames_no_active_gt,n_frames_pred_missing,matched_frame_rate,total_eval_kpt,total_missing_pred_kpt,total_pck_correct,oks_mean_frame,oks_median_frame,oks_weighted,pck_global,latency_mean_ms,latency_median_ms,latency_p95_ms,fps_mean,fps_effective,notes
MP_R_DudukBerdiri_1,mediapipe,multi,dim,121,120,0,1,0.991736,1283,90,959,0.453210,0.496484,0.456431,0.747467,19.627437,18.554000,24.649800,52.227239,50.949087,
MP_R_DudukBerdiri_2,mediapipe,multi,dim,150,132,0,18,0.880000,1538,568,238,0.082730,0.000005,0.087313,0.154746,23.309365,26.626100,28.296700,44.670581,42.901212,
MP_R_Jongkok_1,mediapipe,multi,dim,126,126,0,0,1.000000,1512,110,1338,0.711017,0.747085,0.711017,0.884921,18.526803,18.351150,19.295600,54.108693,53.975853,
MP_R_Jongkok_2,mediapipe,multi,dim,139,137,0,2,0.985612,1668,286,1222,0.481028,0.495121,0.481028,0.732614,19.207053,18.403800,26.958500,52.714036,52.064209,
MP_R_PushUp_1,mediapipe,multi,dim,77,76,0,1,0.987013,557,34,485,0.566544,0.601285,0.577027,0.870736,19.065783,18.407500,27.756900,53.072259,52.449983,
MP_R_PushUp_2,mediapipe,multi,dim,91,74,0,17,0.813187,728,325,67,0.046916,0.017537,0.046916,0.092033,18.792063,18.868000,19.678200,53.270426,53.213956,
MP_R_Yoga_1,mediapipe,multi,dim,182,38,0,144,0.208791,2361,1885,466,0.131742,0.000000,0.132021,0.197374,10.778311,8.716650,18.645600,102.137303,92.778915,
MP_R_Yoga_2,mediapipe,multi,dim,173,153,0,20,0.884393,2249,468,975,0.310411,0.088856,0.310411,0.433526,18.860417,19.100900,20.497100,54.117607,53.021096,
MP_T_DudukBerdiri_1,mediapipe,multi,bright,148,148,0,0,1.000000,1771,49,1602,0.648305,0.686865,0.647916,0.904574,22.935951,20.007350,29.134500,45.151943,43.599675,
MP_T_DudukBerdiri_2,mediapipe,multi,bright,145,122,0,23,0.841379,1697,775,155,0.055640,0.000598,0.056499,0.091338,19.078232,18.983000,20.475600,52.504313,52.415759,
MP_T_Jongkok_1,mediapipe,multi,bright,144,144,0,0,1.000000,1728,12,1578,0.811452,0.909346,0.811452,0.913194,22.059881,19.474450,28.604100,46.942739,45.331160,
MP_T_Jongkok_2,mediapipe,multi,bright,208,145,63,0,0.697115,1740,264,681,0.218183,0.189580,0.218183,0.391379,20.202221,19.229850,28.461400,50.350902,49.499508,
MP_T_PushUp_1,mediapipe,multi,bright,76,76,0,0,1.000000,532,15,505,0.779610,0.779539,0.780417,0.949248,28.400149,28.436500,29.730200,35.267475,35.211083,
MP_T_PushUp_2,mediapipe,multi,bright,134,133,0,1,0.992537,1072,221,159,0.074702,0.062447,0.074702,0.148321,23.321550,23.967000,29.227500,44.493994,42.878797,
MP_T_Yoga_1,mediapipe,multi,bright,171,171,0,0,1.000000,2223,82,1706,0.615061,0.754814,0.615061,0.767431,27.268588,27.055800,28.737900,36.730526,36.672233,
MP_T_Yoga_2,mediapipe,multi,bright,213,210,0,3,0.985915,2769,262,1759,0.547270,0.740886,0.547270,0.635247,18.927906,18.638100,20.390600,53.037191,52.832046,
SP_R_DudukBerdiri_1,mediapipe,single,dim,121,121,0,0,1.000000,1452,251,1122,0.473472,0.498982,0.473472,0.772727,18.951783,18.938100,20.271600,52.830764,52.765485,
SP_R_DudukBerdiri_2,mediapipe,single,dim,128,113,0,15,0.882812,1536,329,1094,0.526946,0.586000,0.526946,0.712240,19.968283,18.868400,27.889800,51.383620,50.079419,
SP_R_Jongkok_1,mediapipe,single,dim,109,109,0,0,1.000000,1308,9,1299,0.852803,0.860100,0.852803,0.993119,19.123415,19.021300,20.220300,52.408405,52.291916,
SP_R_Jongkok_2,mediapipe,single,dim,169,169,0,0,1.000000,2028,277,1702,0.589537,0.601884,0.589537,0.839250,18.972469,18.996500,19.922300,52.770749,52.707952,
SP_R_PushUp_1,mediapipe,single,dim,85,74,0,11,0.870588,647,127,479,0.433671,0.420984,0.471785,0.740340,19.489891,19.096600,27.179200,52.152937,51.308651,
SP_R_PushUp_2,mediapipe,single,dim,130,97,0,33,0.746154,1214,512,563,0.343466,0.452149,0.356976,0.463756,18.444602,18.833700,26.600700,57.805084,54.216403,
SP_R_Yoga_1,mediapipe,single,dim,115,115,0,0,1.000000,1487,64,1383,0.775905,0.838164,0.776504,0.930061,22.991054,19.660700,28.948200,45.347522,43.495179,
SP_R_Yoga_2,mediapipe,single,dim,175,148,0,27,0.845714,2275,399,1851,0.697672,0.840812,0.697672,0.813626,17.443923,18.670100,19.965700,61.312694,57.326553,
SP_T_DudukBerdiri_1,mediapipe,single,bright,122,122,0,0,1.000000,1464,0,1464,0.824354,0.841626,0.824354,1.000000,19.104156,19.076700,20.163400,52.395097,52.344632,
SP_T_DudukBerdiri_2,mediapipe,single,bright,134,134,0,0,1.000000,1608,0,1596,0.761746,0.759380,0.761746,0.992537,19.004188,18.994650,20.233400,52.695608,52.619980,
SP_T_Jongkok_1,mediapipe,single,bright,124,124,0,0,1.000000,1488,0,1488,0.901847,0.907167,0.901847,1.000000,19.216346,19.116500,20.176100,52.193970,52.039030,
SP_T_Jongkok_2,mediapipe,single,bright,145,145,0,0,1.000000,1740,48,1659,0.791015,0.862046,0.791015,0.953448,19.169438,19.179600,20.362600,52.231384,52.166370,
SP_T_PushUp_1,mediapipe,single,bright,124,124,0,0,1.000000,998,15,978,0.849919,0.865573,0.851779,0.979960,19.256624,19.114250,20.274600,52.063422,51.930182,
SP_T_PushUp_2,mediapipe,single,bright,128,128,0,0,1.000000,1190,186,937,0.580692,0.648793,0.599484,0.787395,19.289973,19.303900,20.487700,51.920415,51.840403,
SP_T_Yoga_1,mediapipe,single,bright,121,120,1,0,0.991736,1560,1,1557,0.893792,0.892489,0.893792,0.998077,19.100983,18.992600,19.952700,52.561900,52.353328,
SP_T_Yoga_2,mediapipe,single,bright,226,226,0,0,1.000000,2938,0,2938,0.917608,0.914809,0.917608,1.000000,18.989719,18.956600,20.142000,52.761484,52.660075,
MP_R_DudukBerdiri_1,mediapipe,multi,dim,121,120,0,1,0.991736,1283,90,959,0.453138,0.496289,0.456359,0.747467,27.902950,27.388300,29.561600,36.110391,35.838504,
MP_R_DudukBerdiri_1,mediapipe,multi,dim,121,120,0,1,0.991736,1283,90,959,0.453138,0.496289,0.456359,0.747467,28.808548,27.866500,38.650600,35.021039,34.711920,
MP_R_DudukBerdiri_2,mediapipe,multi,dim,150,133,0,17,0.886667,1538,558,249,0.087171,0.000013,0.092033,0.161899,35.344429,40.154450,44.532200,29.569803,28.293002,
MP_R_Jongkok_1,mediapipe,multi,dim,126,126,0,0,1.000000,1512,111,1337,0.710484,0.747081,0.710484,0.884259,27.650161,27.489150,28.549500,36.226382,36.166155,
MP_R_Jongkok_2,mediapipe,multi,dim,139,137,0,2,0.985612,1668,286,1226,0.481212,0.491254,0.481212,0.735012,30.065929,28.506700,41.320500,33.794171,33.260240,
MP_R_PushUp_1,mediapipe,multi,dim,77,76,0,1,0.987013,557,34,485,0.566718,0.601313,0.577195,0.870736,28.856409,28.046400,41.174300,34.999043,34.654347,
MP_R_PushUp_2,mediapipe,multi,dim,91,74,0,17,0.813187,728,324,67,0.046907,0.017469,0.046907,0.092033,27.428951,27.335200,28.453500,36.472273,36.457829,
MP_R_Yoga_1,mediapipe,multi,dim,182,182,0,0,1.000000,2361,25,2150,0.660344,0.662596,0.660053,0.910631,27.370444,27.267150,28.356900,36.548182,36.535761,
MP_R_Yoga_2,mediapipe,multi,dim,173,158,0,15,0.913295,2249,407,1040,0.333970,0.138980,0.333970,0.462428,27.327158,27.308700,28.618200,36.695261,36.593634,
MP_T_DudukBerdiri_1,mediapipe,multi,bright,148,148,0,0,1.000000,1771,49,1603,0.648399,0.686964,0.648009,0.905138,29.921419,27.652500,41.920100,34.193153,33.420875,
MP_T_DudukBerdiri_2,mediapipe,multi,bright,145,122,0,23,0.841379,1697,775,155,0.055633,0.000599,0.056492,0.091338,27.666650,27.616800,28.589300,36.158140,36.144601,
MP_T_Jongkok_1,mediapipe,multi,bright,144,144,0,0,1.000000,1728,12,1578,0.811523,0.909387,0.811523,0.913194,31.882295,27.906150,41.333200,32.406309,31.365371,
MP_T_Jongkok_2,mediapipe,multi,bright,208,145,63,0,0.697115,1740,264,685,0.216616,0.189612,0.216616,0.393678,30.557857,27.863700,41.186500,33.563026,32.724808,
MP_T_PushUp_1,mediapipe,multi,bright,76,76,0,0,1.000000,532,15,505,0.779557,0.779448,0.780368,0.949248,41.378388,41.158500,43.578400,24.199710,24.167205,
MP_T_PushUp_2,mediapipe,multi,bright,134,133,0,1,0.992537,1072,221,159,0.074566,0.062480,0.074566,0.148321,35.043140,39.473350,42.344500,29.527154,28.536256,
MP_T_Yoga_1,mediapipe,multi,bright,171,171,0,0,1.000000,2223,79,1706,0.615140,0.754812,0.615140,0.767431,41.021377,40.906200,42.390700,24.409160,24.377534,
MP_T_Yoga_2,mediapipe,multi,bright,213,210,0,3,0.985915,2769,262,1759,0.547236,0.742995,0.547236,0.635247,29.054180,27.805300,40.315200,35.109437,34.418455,
SP_R_DudukBerdiri_1,mediapipe,single,dim,121,121,0,0,1.000000,1452,251,1122,0.473454,0.499239,0.473454,0.772727,51.473345,57.790600,64.747200,21.059387,19.427531,
SP_R_DudukBerdiri_2,mediapipe,single,dim,128,113,0,15,0.882812,1536,332,1091,0.526039,0.584653,0.526039,0.710286,36.263274,33.571400,52.086300,28.716601,27.576109,
SP_R_Jongkok_1,mediapipe,single,dim,109,109,0,0,1.000000,1308,9,1299,0.852832,0.860132,0.852832,0.993119,40.787960,34.602700,63.724100,26.518588,24.517039,
SP_R_Jongkok_2,mediapipe,single,dim,169,169,0,0,1.000000,2028,274,1702,0.586684,0.591134,0.586684,0.839250,34.401620,32.666100,45.056100,29.730085,29.068399,
SP_R_PushUp_1,mediapipe,single,dim,85,74,0,11,0.870588,647,127,479,0.432657,0.402457,0.470988,0.740340,36.607822,33.361800,58.883600,28.623844,27.316566,
SP_R_PushUp_2,mediapipe,single,dim,130,96,0,34,0.738462,1214,518,559,0.342881,0.454187,0.356353,0.460461,33.161323,32.648400,47.768000,32.284811,30.155612,
SP_R_Yoga_1,mediapipe,single,dim,115,115,0,0,1.000000,1487,59,1397,0.781808,0.835942,0.782476,0.939475,44.806309,40.506600,79.842300,24.303583,22.318286,
SP_R_Yoga_2,mediapipe,single,dim,175,148,0,27,0.845714,2275,398,1852,0.697760,0.839652,0.697760,0.814066,30.050502,28.970600,41.959300,35.629473,33.277314,
SP_T_DudukBerdiri_1,mediapipe,single,bright,122,122,0,0,1.000000,1464,0,1464,0.824344,0.841592,0.824344,1.000000,27.787767,27.645950,29.143500,36.009967,35.987058,
SP_T_DudukBerdiri_2,mediapipe,single,bright,134,134,0,0,1.000000,1608,0,1596,0.761753,0.759317,0.761753,0.992537,27.766526,27.760200,28.665900,36.025523,36.014588,
SP_T_Jongkok_1,mediapipe,single,bright,124,124,0,0,1.000000,1488,0,1488,0.901847,0.907155,0.901847,1.000000,27.646735,27.594350,28.678800,36.186323,36.170637,
SP_T_Jongkok_2,mediapipe,single,bright,145,145,0,0,1.000000,1740,48,1659,0.791071,0.862048,0.791071,0.953448,27.498597,27.355700,28.497500,36.380077,36.365491,
SP_T_PushUp_1,mediapipe,single,bright,124,124,0,0,1.000000,998,15,979,0.850056,0.865601,0.851910,0.980962,28.033540,27.932100,28.966300,35.727240,35.671556,
SP_T_PushUp_2,mediapipe,single,bright,128,128,0,0,1.000000,1190,186,937,0.580698,0.648880,0.599491,0.787395,48.566812,56.855650,65.474500,22.870712,20.590192,
SP_T_Yoga_1,mediapipe,single,bright,121,120,1,0,0.991736,1560,1,1557,0.893795,0.892470,0.893795,0.998077,31.741378,30.804800,36.352900,31.920628,31.504619,
SP_T_Yoga_2,mediapipe,single,bright,226,226,0,0,1.000000,2938,0,2938,0.917612,0.914819,0.917612,1.000000,39.077348,33.516800,58.534000,27.188507,25.590273,
MP_R_DudukBerdiri_1,blazepose,multi,dim,121,120,0,1,0.991736,1283,90,959,0.453138,0.496289,0.456359,0.747467,29.389442,27.947700,37.396400,34.378612,34.025824,
MP_R_DudukBerdiri_2,blazepose,multi,dim,150,133,0,17,0.886667,1538,558,249,0.087171,0.000013,0.092033,0.161899,43.018129,45.189950,65.888100,24.866555,23.246013,
MP_R_Jongkok_1,blazepose,multi,dim,126,126,0,0,1.000000,1512,111,1337,0.710484,0.747081,0.710484,0.884259,33.159760,32.373750,39.642400,30.459433,30.157033,
MP_R_Jongkok_2,blazepose,multi,dim,139,137,0,2,0.985612,1668,286,1226,0.481212,0.491254,0.481212,0.735012,40.596220,34.615200,60.619500,26.475366,24.632835,
MP_R_PushUp_1,blazepose,multi,dim,77,76,0,1,0.987013,557,34,485,0.566718,0.601313,0.577195,0.870736,35.024179,32.512300,49.258700,29.343570,28.551704,
MP_R_PushUp_2,blazepose,multi,dim,91,74,0,17,0.813187,728,324,67,0.046907,0.017469,0.046907,0.092033,31.467151,31.056200,35.258200,31.899340,31.779172,
MP_R_Yoga_1,blazepose,multi,dim,182,182,0,0,1.000000,2361,25,2150,0.660344,0.662596,0.660053,0.910631,29.277776,27.858550,35.239800,34.480048,34.155599,
MP_R_Yoga_2,blazepose,multi,dim,173,158,0,15,0.913295,2249,407,1040,0.333970,0.138980,0.333970,0.462428,27.537137,27.378100,29.395700,36.443529,36.314596,
MP_T_DudukBerdiri_1,blazepose,multi,bright,148,148,0,0,1.000000,1771,49,1603,0.648399,0.686964,0.648009,0.905138,29.846840,27.681450,41.833000,34.327562,33.504385,
MP_T_DudukBerdiri_2,blazepose,multi,bright,145,122,0,23,0.841379,1697,775,155,0.055633,0.000599,0.056492,0.091338,27.753431,27.519300,29.896500,36.077387,36.031581,
MP_T_Jongkok_1,blazepose,multi,bright,144,144,0,0,1.000000,1728,12,1578,0.811523,0.909387,0.811523,0.913194,31.636853,27.916150,40.483400,32.626712,31.608707,
MP_T_Jongkok_2,blazepose,multi,bright,208,145,63,0,0.697115,1740,264,685,0.216616,0.189612,0.216616,0.393678,30.312818,27.505800,40.643100,33.855782,32.989345,
MP_T_PushUp_1,blazepose,multi,bright,76,76,0,0,1.000000,532,15,505,0.779557,0.779448,0.780368,0.949248,42.149405,40.541400,49.431200,23.872618,23.725127,
MP_T_PushUp_2,blazepose,multi,bright,134,133,0,1,0.992537,1072,221,159,0.074566,0.062480,0.074566,0.148321,34.250726,29.996300,43.017900,30.398895,29.196461,
MP_T_Yoga_1,blazepose,multi,bright,171,171,0,0,1.000000,2223,79,1706,0.615140,0.754812,0.615140,0.767431,40.577470,40.256800,42.706500,24.686915,24.644218,
MP_T_Yoga_2,blazepose,multi,bright,213,210,0,3,0.985915,2769,262,1759,0.547236,0.742995,0.547236,0.635247,28.229913,27.794700,29.777000,35.592621,35.423418,
SP_R_DudukBerdiri_1,blazepose,single,dim,121,121,0,0,1.000000,1452,251,1122,0.473454,0.499239,0.473454,0.772727,27.702500,27.569000,29.369800,36.125120,36.097825,
P_R_DudukBerdiri_2,blazepose,single,dim,128,113,0,15,0.882812,1536,332,1091,0.526039,0.584653,0.526039,0.710286,29.793840,27.452550,43.028000,34.629368,33.563985,
SP_R_Jongkok_1,blazepose,single,dim,109,109,0,0,1.000000,1308,9,1299,0.852832,0.860132,0.852832,0.993119,28.522706,27.919900,32.642500,35.280010,35.059788,
SP_R_Jongkok_2,blazepose,single,dim,169,169,0,0,1.000000,2028,274,1702,0.586684,0.591134,0.586684,0.839250,27.320907,27.229500,28.399700,36.614918,36.602007,
SP_R_PushUp_1,blazepose,single,dim,85,74,0,11,0.870588,647,127,479,0.432657,0.402457,0.470988,0.740340,28.674441,28.038900,39.659700,35.408090,34.874263,
SP_R_PushUp_2,blazepose,single,dim,130,96,0,34,0.738462,1214,518,559,0.342881,0.454187,0.356353,0.460461,27.178972,27.465600,40.580300,39.140700,36.793151,
SP_R_Yoga_1,blazepose,single,dim,115,115,0,0,1.000000,1487,59,1397,0.781808,0.835942,0.782476,0.939475,33.932437,28.346200,43.507800,30.882875,29.470326,
SP_R_Yoga_2,blazepose,single,dim,175,148,0,27,0.845714,2275,398,1852,0.697760,0.839652,0.697760,0.814066,25.323142,27.156300,28.301900,42.261937,39.489571,
SP_T_DudukBerdiri_1,blazepose,single,bright,122,122,0,0,1.000000,1464,0,1464,0.824344,0.841592,0.824344,1.000000,28.002948,27.581950,30.821200,35.805423,35.710526,
SP_T_DudukBerdiri_2,blazepose,single,bright,134,134,0,0,1.000000,1608,0,1596,0.761753,0.759317,0.761753,0.992537,27.400669,27.229350,28.911600,36.519311,36.495460,
SP_T_Jongkok_1,blazepose,single,bright,124,124,0,0,1.000000,1488,0,1488,0.901847,0.907155,0.901847,1.000000,27.557881,27.363650,29.159100,36.317094,36.287260,
SP_T_Jongkok_2,blazepose,single,bright,145,145,0,0,1.000000,1740,48,1659,0.791071,0.862048,0.791071,0.953448,27.767399,27.597300,29.767900,36.049719,36.013456,
SP_T_PushUp_1,blazepose,single,bright,124,124,0,0,1.000000,998,15,979,0.850056,0.865601,0.851910,0.980962,27.391417,27.187500,28.257800,36.560221,36.507786,
SP_T_PushUp_2,blazepose,single,bright,128,128,0,0,1.000000,1190,186,937,0.580698,0.648880,0.599491,0.787395,27.639484,27.357400,29.467100,36.209094,36.180126,
SP_T_Yoga_1,blazepose,single,bright,121,120,1,0,0.991736,1560,1,1557,0.893795,0.892470,0.893795,0.998077,27.841379,27.453700,29.295800,36.032278,35.917761,
SP_T_Yoga_2,blazepose,single,bright,226,226,0,0,1.000000,2938,0,2938,0.917612,0.914819,0.917612,1.000000,27.300085,27.160950,28.115400,36.676697,36.629923,
MP_R_DudukBerdiri_1,movenet,multi,dim,121,121,0,0,1.000000,1283,243,458,0.130285,0.104461,0.127457,0.356976,50.344785,50.342500,52.102200,19.877983,19.863030,
MP_R_DudukBerdiri_2,movenet,multi,dim,150,150,0,0,1.000000,1538,922,45,0.009288,0.000090,0.009654,0.029259,50.445561,50.317800,52.851800,19.835762,19.823350,
MP_R_Jongkok_1,movenet,multi,dim,126,126,0,0,1.000000,1512,189,961,0.279305,0.285627,0.279305,0.635582,55.212348,54.298400,61.575700,18.190682,18.111890,
MP_R_Jongkok_2,movenet,multi,dim,139,139,0,0,1.000000,1668,469,766,0.251198,0.190767,0.251198,0.459233,52.845868,52.446100,55.877400,18.941476,18.922955,
MP_R_PushUp_1,movenet,multi,dim,77,77,0,0,1.000000,557,174,274,0.167511,0.157301,0.171091,0.491921,52.700760,52.621400,55.203700,18.988409,18.975059,
MP_R_PushUp_2,movenet,multi,dim,91,91,0,0,1.000000,728,136,0,0.000869,0.000248,0.000869,0.000000,52.940918,52.358600,56.690300,18.937555,18.888981,
MP_R_Yoga_1,movenet,multi,dim,182,182,0,0,1.000000,2361,1251,384,0.079306,0.071353,0.079147,0.162643,50.754126,50.414450,54.115000,19.728995,19.702832,
MP_R_Yoga_2,movenet,multi,dim,173,173,0,0,1.000000,2249,582,712,0.130922,0.103880,0.130922,0.316585,51.871597,50.961400,58.928400,19.356793,19.278373,
MP_T_DudukBerdiri_1,movenet,multi,bright,148,148,0,0,1.000000,1771,373,1057,0.319875,0.337255,0.319929,0.596838,52.665371,52.246150,55.633400,19.004937,18.987809,
MP_T_DudukBerdiri_2,movenet,multi,bright,145,145,0,0,1.000000,1697,769,188,0.040048,0.013461,0.039017,0.110784,52.869843,52.183000,57.125300,18.943542,18.914374,
MP_T_Jongkok_1,movenet,multi,bright,144,144,0,0,1.000000,1728,53,1546,0.509868,0.526945,0.509868,0.894676,52.585382,52.421500,55.408100,19.033637,19.016692,
MP_T_Jongkok_2,movenet,multi,bright,208,145,63,0,0.697115,1740,159,734,0.181011,0.145048,0.181011,0.421839,52.894806,52.570600,55.925200,18.920071,18.905448,
MP_T_PushUp_1,movenet,multi,bright,76,76,0,0,1.000000,532,88,285,0.258010,0.234644,0.274040,0.535714,54.061007,53.284800,59.762200,18.544397,18.497621,
MP_T_PushUp_2,movenet,multi,bright,134,134,0,0,1.000000,1072,360,99,0.050397,0.041047,0.050397,0.092351,50.962046,50.453700,54.502800,19.655167,19.622446,
MP_T_Yoga_1,movenet,multi,bright,171,171,0,0,1.000000,2223,84,1545,0.383444,0.366140,0.383444,0.695007,50.251823,50.242900,52.510600,19.917110,19.899776,
MP_T_Yoga_2,movenet,multi,bright,213,213,0,0,1.000000,2769,526,1147,0.241233,0.204643,0.241233,0.414229,50.215437,50.110600,52.490500,19.925843,19.914195,
SP_R_DudukBerdiri_1,movenet,single,dim,121,121,0,0,1.000000,1452,40,710,0.187041,0.202968,0.187041,0.488981,49.956471,49.933000,51.562300,20.025837,20.017427,
SP_R_DudukBerdiri_2,movenet,single,dim,128,128,0,0,1.000000,1536,1141,340,0.102501,0.059553,0.102501,0.221354,49.975867,49.912100,51.798900,20.018228,20.009658,
SP_R_Jongkok_1,movenet,single,dim,109,109,0,0,1.000000,1308,52,1047,0.365601,0.370564,0.365601,0.800459,50.113021,50.048600,51.879600,19.964338,19.954894,
SP_R_Jongkok_2,movenet,single,dim,169,169,0,0,1.000000,2028,629,707,0.131251,0.118879,0.131251,0.348619,50.415143,50.055000,53.507600,19.863563,19.835310,
SP_R_PushUp_1,movenet,single,dim,85,85,0,0,1.000000,647,161,271,0.151338,0.154956,0.152926,0.418856,50.094496,49.904600,52.315700,19.975154,19.962273,
SP_R_PushUp_2,movenet,single,dim,130,130,0,0,1.000000,1214,473,318,0.108098,0.084681,0.114877,0.261944,50.165961,50.106900,51.649900,19.941307,19.933835,
SP_R_Yoga_1,movenet,single,dim,115,115,0,0,1.000000,1487,1298,165,0.056326,0.000000,0.054602,0.110962,50.172534,50.039000,52.729700,19.942784,19.931224,
SP_R_Yoga_2,movenet,single,dim,175,175,0,0,1.000000,2275,1183,766,0.168139,0.179582,0.168139,0.336703,51.252261,51.283800,53.039800,19.521363,19.511335,
SP_T_DudukBerdiri_1,movenet,single,bright,122,122,0,0,1.000000,1464,89,1254,0.432216,0.425381,0.432216,0.856557,50.957465,51.160850,52.868600,19.638124,19.624210,
SP_T_DudukBerdiri_2,movenet,single,bright,134,134,0,0,1.000000,1608,36,1428,0.552090,0.556936,0.552090,0.888060,51.315493,51.304250,53.647600,19.502559,19.487292,
SP_T_Jongkok_1,movenet,single,bright,124,124,0,0,1.000000,1488,0,1377,0.515054,0.524784,0.515054,0.925403,52.042228,51.772250,55.257800,19.246544,19.215165,
SP_T_Jongkok_2,movenet,single,bright,145,145,0,0,1.000000,1740,9,1624,0.611078,0.608920,0.611078,0.933333,51.780465,51.527800,55.747200,19.334470,19.312302,
SP_T_PushUp_1,movenet,single,bright,124,124,0,0,1.000000,998,30,935,0.600967,0.609341,0.621266,0.936874,51.420635,51.401250,53.518600,19.465690,19.447445,
SP_T_PushUp_2,movenet,single,bright,128,128,0,0,1.000000,1190,160,794,0.348955,0.346746,0.350436,0.667227,51.513109,51.538100,53.394100,19.421511,19.412534,
SP_T_Yoga_1,movenet,single,bright,121,120,1,0,0.991736,1560,674,763,0.268632,0.193188,0.268632,0.489103,51.655687,51.427600,55.008500,19.379989,19.358953,
SP_T_Yoga_2,movenet,single,bright,226,226,0,0,1.000000,2938,114,2364,0.526589,0.504188,0.526589,0.804629,51.613346,51.594700,53.583200,19.389639,19.374834,
MP_R_DudukBerdiri_1,posenet,multi,dim,121,121,0,0,1.000000,1283,0,53,0.010218,0.004329,0.010116,0.041309,17.042390,15.787100,16.741300,63.834562,58.677216,
MP_R_DudukBerdiri_2,posenet,multi,dim,150,150,0,0,1.000000,1538,0,31,0.003448,0.000723,0.003381,0.020156,15.343619,15.568050,16.731900,65.440678,65.173674,
MP_R_Jongkok_1,posenet,multi,dim,126,126,0,0,1.000000,1512,0,65,0.007916,0.000876,0.007916,0.042989,15.253881,15.424200,16.556000,65.806692,65.557087,
MP_R_Jongkok_2,posenet,multi,dim,139,139,0,0,1.000000,1668,0,23,0.002131,0.000016,0.002131,0.013789,15.716092,15.594300,17.457000,64.186069,63.629049,
MP_R_PushUp_1,posenet,multi,dim,77,77,0,0,1.000000,557,0,52,0.031597,0.018569,0.032883,0.093357,15.599786,15.603700,17.243300,64.408953,64.103445,
MP_R_PushUp_2,posenet,multi,dim,91,91,0,0,1.000000,728,0,2,0.002006,0.000127,0.002006,0.002747,15.976148,16.124900,17.167100,62.854783,62.593310,
MP_R_Yoga_1,posenet,multi,dim,182,182,0,0,1.000000,2361,0,45,0.004711,0.000729,0.004717,0.019060,16.395092,16.465750,18.334600,61.511894,60.993864,
MP_R_Yoga_2,posenet,multi,dim,173,173,0,0,1.000000,2249,0,235,0.041086,0.030347,0.041086,0.104491,15.445815,15.414300,17.196100,65.085462,64.742456,
MP_T_DudukBerdiri_1,posenet,multi,bright,148,148,0,0,1.000000,1771,0,50,0.006205,0.000090,0.006161,0.028233,15.828650,16.015800,17.417900,63.461256,63.176582,
MP_T_DudukBerdiri_2,posenet,multi,bright,145,145,0,0,1.000000,1697,0,46,0.006918,0.000542,0.007061,0.027107,15.891274,16.037300,17.504200,63.282067,62.927618,
MP_T_Jongkok_1,posenet,multi,bright,144,144,0,0,1.000000,1728,0,49,0.004896,0.000309,0.004896,0.028356,16.092580,16.393150,17.973700,62.526155,62.140440,
MP_T_Jongkok_2,posenet,multi,bright,208,145,63,0,0.697115,1740,0,37,0.004510,0.000087,0.004510,0.021264,16.131163,16.065000,17.819100,63.055872,61.991812,
MP_T_PushUp_1,posenet,multi,bright,76,76,0,0,1.000000,532,0,59,0.062110,0.051736,0.057824,0.110902,14.939051,15.219100,16.238100,67.287056,66.938655,
MP_T_PushUp_2,posenet,multi,bright,134,134,0,0,1.000000,1072,0,118,0.035383,0.024940,0.035383,0.110075,15.393165,15.450550,17.145100,65.420146,64.963898,
MP_T_Yoga_1,posenet,multi,bright,171,171,0,0,1.000000,2223,0,155,0.016979,0.008588,0.016979,0.069726,15.380506,15.464500,17.200600,65.498938,65.017365,
MP_T_Yoga_2,posenet,multi,bright,213,213,0,0,1.000000,2769,0,185,0.031437,0.023987,0.031437,0.066811,16.672008,16.662000,19.322400,60.706603,59.980776,
SP_R_DudukBerdiri_1,posenet,single,dim,121,121,0,0,1.000000,1452,0,55,0.014617,0.004859,0.014617,0.037879,15.503581,15.541400,17.083700,64.826349,64.501227,
SP_R_DudukBerdiri_2,posenet,single,dim,128,128,0,0,1.000000,1536,0,1,0.000070,0.000000,0.000070,0.000651,15.413737,15.567650,16.932000,65.331099,64.877195,
SP_R_Jongkok_1,posenet,single,dim,109,109,0,0,1.000000,1308,0,34,0.006738,0.000533,0.006738,0.025994,16.688671,16.796400,18.623800,60.333044,59.920890,
SP_R_Jongkok_2,posenet,single,dim,169,169,0,0,1.000000,2028,0,106,0.011720,0.001634,0.011720,0.052268,16.033129,16.048200,18.411300,63.170379,62.370857,
SP_R_PushUp_1,posenet,single,dim,85,85,0,0,1.000000,647,0,52,0.029192,0.016317,0.028435,0.080371,15.276499,15.572500,16.857400,65.847372,65.460025,
SP_R_PushUp_2,posenet,single,dim,130,130,0,0,1.000000,1214,0,96,0.023864,0.009531,0.026656,0.079077,15.788389,16.020200,17.137300,63.645889,63.337683,
SP_R_Yoga_1,posenet,single,dim,115,115,0,0,1.000000,1487,0,1,0.000018,0.000000,0.000018,0.000672,15.448572,15.510300,17.498800,65.202546,64.730901,
SP_R_Yoga_2,posenet,single,dim,175,175,0,0,1.000000,2275,0,166,0.026960,0.018140,0.026960,0.072967,15.526002,15.622600,17.078600,64.762613,64.408083,
SP_T_DudukBerdiri_1,posenet,single,bright,122,122,0,0,1.000000,1464,0,20,0.001243,0.000005,0.001243,0.013661,15.168979,15.275800,16.964600,66.338921,65.924016,
SP_T_DudukBerdiri_2,posenet,single,bright,134,134,0,0,1.000000,1608,0,25,0.000841,0.000030,0.000841,0.015547,15.919681,15.985850,18.753000,63.407248,62.815328,
SP_T_Jongkok_1,posenet,single,bright,124,124,0,0,1.000000,1488,0,15,0.000694,0.000000,0.000694,0.010081,15.379182,15.544650,17.056000,65.404494,65.022963,
SP_T_Jongkok_2,posenet,single,bright,145,145,0,0,1.000000,1740,0,15,0.000956,0.000000,0.000956,0.008621,15.838057,16.011200,17.506200,63.536673,63.139060,
SP_T_PushUp_1,posenet,single,bright,124,124,0,0,1.000000,998,0,174,0.070595,0.079792,0.074086,0.174349,15.753590,15.960100,17.450400,63.841808,63.477597,
SP_T_PushUp_2,posenet,single,bright,128,128,0,0,1.000000,1190,0,88,0.020343,0.011224,0.021851,0.073950,16.336384,16.155400,18.089100,62.034868,61.213058,
SP_T_Yoga_1,posenet,single,bright,121,120,1,0,0.991736,1560,0,15,0.002834,0.000007,0.002834,0.009615,15.747591,15.976100,17.587100,63.947551,63.501777,
SP_T_Yoga_2,posenet,single,bright,226,226,0,0,1.000000,2938,0,96,0.012121,0.000000,0.012121,0.032675,15.641248,15.834900,17.464600,64.386160,63.933516,
MP_R_DudukBerdiri_1,openpose,multi,dim,121,1,0,120,0.008264,1283,1274,7,0.004668,0.000000,0.004403,0.005456,1813362.273100,1813362.273100,1813362.273100,0.000551,0.000551,
MP_R_DudukBerdiri_2,openpose,multi,dim,150,1,0,149,0.006667,1538,1528,9,0.004618,0.000000,0.004504,0.005852,2251389.375100,2251389.375100,2251389.375100,0.000444,0.000444,
MP_R_Jongkok_1,openpose,multi,dim,126,1,0,125,0.007937,1512,1500,12,0.006493,0.000000,0.006493,0.007937,1878209.266900,1878209.266900,1878209.266900,0.000532,0.000532,
MP_R_Jongkok_2,openpose,multi,dim,139,1,0,138,0.007194,1668,1656,12,0.006082,0.000000,0.006082,0.007194,2070859.043600,2070859.043600,2070859.043600,0.000483,0.000483,
MP_R_PushUp_1,openpose,multi,dim,77,1,0,76,0.012987,557,552,2,0.001829,0.000000,0.002276,0.003591,1147713.891600,1147713.891600,1147713.891600,0.000871,0.000871,
MP_R_PushUp_2,openpose,multi,dim,91,1,0,90,0.010989,728,720,8,0.008434,0.000000,0.008434,0.010989,1356641.124400,1356641.124400,1356641.124400,0.000737,0.000737,
MP_R_Yoga_1,openpose,multi,dim,182,1,0,181,0.005495,2361,2348,13,0.004386,0.000000,0.004395,0.005506,2713506.594200,2713506.594200,2713506.594200,0.000369,0.000369,
MP_R_Yoga_2,openpose,multi,dim,173,1,0,172,0.005780,2249,2236,13,0.004108,0.000000,0.004108,0.005780,2582111.511500,2582111.511500,2582111.511500,0.000387,0.000387,
MP_T_DudukBerdiri_1,openpose,multi,bright,148,1,0,147,0.006757,1771,1760,10,0.003482,0.000000,0.003200,0.005647,2232470.672400,2232470.672400,2232470.672400,0.000448,0.000448,
MP_T_DudukBerdiri_2,openpose,multi,bright,145,1,0,144,0.006897,1697,1685,12,0.004594,0.000000,0.004711,0.007071,2193498.591000,2193498.591000,2193498.591000,0.000456,0.000456,
MP_T_Jongkok_1,openpose,multi,bright,144,1,0,143,0.006944,1728,1716,12,0.006137,0.000000,0.006137,0.006944,2145728.738400,2145728.738400,2145728.738400,0.000466,0.000466,
MP_T_Jongkok_2,openpose,multi,bright,208,1,63,144,0.004808,1740,1728,9,0.002597,0.000000,0.002597,0.005172,3124327.078000,3124327.078000,3124327.078000,0.000320,0.000320,
MP_T_PushUp_1,openpose,multi,bright,76,1,0,75,0.013158,532,523,9,0.010211,0.000000,0.013128,0.016917,1131955.726200,1131955.726200,1131955.726200,0.000883,0.000883,
MP_T_PushUp_2,openpose,multi,bright,134,1,0,133,0.007463,1072,1066,1,0.000754,0.000000,0.000754,0.000933,1995610.354700,1995610.354700,1995610.354700,0.000501,0.000501,
MP_T_Yoga_1,openpose,multi,bright,171,1,0,170,0.005848,2223,2210,13,0.004848,0.000000,0.004848,0.005848,2545693.651000,2545693.651000,2545693.651000,0.000393,0.000393,
MP_T_Yoga_2,openpose,multi,bright,213,1,0,212,0.004695,2769,2756,13,0.003967,0.000000,0.003967,0.004695,3157536.761500,3157536.761500,3157536.761500,0.000317,0.000317,
SP_R_DudukBerdiri_1,openpose,single,dim,121,1,0,120,0.008264,1452,1440,12,0.006776,0.000000,0.006776,0.008264,1796280.756000,1796280.756000,1796280.756000,0.000557,0.000557,
SP_R_DudukBerdiri_2,openpose,single,dim,128,1,0,127,0.007812,1536,1524,9,0.002679,0.000000,0.002679,0.005859,1905319.533200,1905319.533200,1905319.533200,0.000525,0.000525,
SP_R_Jongkok_1,openpose,single,dim,109,1,0,108,0.009174,1308,1296,12,0.008056,0.000000,0.008056,0.009174,1629647.888100,1629647.888100,1629647.888100,0.000614,0.000614,
SP_R_Jongkok_2,openpose,single,dim,169,1,0,168,0.005917,2028,2016,12,0.004744,0.000000,0.004744,0.005917,2519127.067700,2519127.067700,2519127.067700,0.000397,0.000397,
SP_R_PushUp_1,openpose,single,dim,85,1,0,84,0.011765,647,638,9,0.008355,0.000000,0.009879,0.013910,1268221.213200,1268221.213200,1268221.213200,0.000789,0.000789,
SP_R_PushUp_2,openpose,single,dim,130,1,0,129,0.007692,1214,1203,11,0.005695,0.000000,0.006709,0.009061,1939428.689900,1939428.689900,1939428.689900,0.000516,0.000516,
SP_R_Yoga_1,openpose,single,dim,115,1,0,114,0.008696,1487,1474,13,0.007464,0.000000,0.007504,0.008742,1715521.753700,1715521.753700,1715521.753700,0.000583,0.000583,
SP_R_Yoga_2,openpose,single,dim,175,1,0,174,0.005714,2275,2262,13,0.004770,0.000000,0.004770,0.005714,2662846.969200,2662846.969200,2662846.969200,0.000376,0.000376,
SP_T_DudukBerdiri_1,openpose,single,bright,122,1,0,121,0.008197,1464,1452,12,0.006857,0.000000,0.006857,0.008197,1821560.277000,1821560.277000,1821560.277000,0.000549,0.000549,
SP_T_DudukBerdiri_2,openpose,single,bright,134,1,0,133,0.007463,1608,1596,12,0.006004,0.000000,0.006004,0.007463,2002495.974300,2002495.974300,2002495.974300,0.000499,0.000499,
SP_T_Jongkok_1,openpose,single,bright,124,1,0,123,0.008065,1488,1476,12,0.007489,0.000000,0.007489,0.008065,1853893.602200,1853893.602200,1853893.602200,0.000539,0.000539,
SP_T_Jongkok_2,openpose,single,bright,145,1,0,144,0.006897,1740,1728,12,0.005310,0.000000,0.005310,0.006897,2163931.992200,2163931.992200,2163931.992200,0.000462,0.000462,
SP_T_PushUp_1,openpose,single,bright,124,1,0,123,0.008065,998,989,9,0.007316,0.000000,0.008181,0.009018,1848759.343700,1848759.343700,1848759.343700,0.000541,0.000541,
SP_T_PushUp_2,openpose,single,bright,128,1,0,127,0.007812,1190,1178,8,0.003306,0.000000,0.004267,0.006723,1909730.566400,1909730.566400,1909730.566400,0.000524,0.000524,
SP_T_Yoga_1,openpose,single,bright,121,1,1,119,0.008264,1560,1547,13,0.004507,0.000000,0.004507,0.008333,1805695.620800,1805695.620800,1805695.620800,0.000554,0.000554,
SP_T_Yoga_2,openpose,single,bright,226,1,0,225,0.004425,2938,2925,13,0.003858,0.000000,0.003858,0.004425,3374542.212300,3374542.212300,3374542.212300,0.000296,0.000296,
MP_R_DudukBerdiri_1,hrnet,multi,dim,121,121,0,0,1.000000,1283,0,1199,0.677330,0.735347,0.677785,0.934528,372.940145,372.940145,372.940145,2.681395,2.681395,
MP_R_DudukBerdiri_2,hrnet,multi,dim,150,150,0,0,1.000000,1538,0,1049,0.544943,0.700835,0.533154,0.682055,406.783413,406.783413,406.783413,2.458311,2.458311,
MP_R_Jongkok_1,hrnet,multi,dim,126,126,0,0,1.000000,1512,0,1500,0.871240,0.869244,0.871240,0.992063,371.442784,371.442784,371.442784,2.692205,2.692205,
MP_R_Jongkok_2,hrnet,multi,dim,139,139,0,0,1.000000,1668,0,1618,0.788107,0.812613,0.788107,0.970024,378.398863,378.398863,378.398863,2.642714,2.642714,
MP_R_PushUp_1,hrnet,multi,dim,77,77,0,0,1.000000,557,0,488,0.533549,0.520023,0.546897,0.876122,380.668717,380.668717,380.668717,2.626956,2.626956,
MP_R_PushUp_2,hrnet,multi,dim,91,91,0,0,1.000000,728,0,472,0.451021,0.435317,0.451021,0.648352,394.736251,394.736251,394.736251,2.533337,2.533337,
MP_R_Yoga_1,hrnet,multi,dim,182,182,0,0,1.000000,2361,0,2183,0.787387,0.803714,0.787288,0.924608,379.112301,379.112301,379.112301,2.637741,2.637741,
MP_R_Yoga_2,hrnet,multi,dim,173,173,0,0,1.000000,2249,0,2041,0.820139,0.889470,0.820139,0.907514,384.387185,384.387185,384.387185,2.601544,2.601544,
MP_T_DudukBerdiri_1,hrnet,multi,bright,148,148,0,0,1.000000,1771,0,1771,0.848998,0.843196,0.848801,1.000000,414.931224,414.931224,414.931224,2.410038,2.410038,
MP_T_DudukBerdiri_2,hrnet,multi,bright,145,145,0,0,1.000000,1697,0,1690,0.783135,0.790833,0.782871,0.995875,434.733933,434.733933,434.733933,2.300258,2.300258,
MP_T_Jongkok_1,hrnet,multi,bright,144,144,0,0,1.000000,1728,0,1728,0.942718,0.940664,0.942718,1.000000,369.750133,369.750133,369.750133,2.704529,2.704529,
MP_T_Jongkok_2,hrnet,multi,bright,208,145,63,0,0.697115,1740,0,946,0.239829,0.216626,0.239829,0.543678,373.625658,373.625658,373.625658,2.676476,2.676476,
MP_T_PushUp_1,hrnet,multi,bright,76,76,0,0,1.000000,532,0,532,0.845825,0.848960,0.845987,1.000000,392.164959,392.164959,392.164959,2.549947,2.549947,
MP_T_PushUp_2,hrnet,multi,bright,134,134,0,0,1.000000,1072,0,1031,0.801823,0.814172,0.801823,0.961754,395.031699,395.031699,395.031699,2.531442,2.531442,
MP_T_Yoga_1,hrnet,multi,bright,171,171,0,0,1.000000,2223,0,2223,0.919623,0.917840,0.919623,1.000000,389.583515,389.583515,389.583515,2.566844,2.566844,
MP_T_Yoga_2,hrnet,multi,bright,213,213,0,0,1.000000,2769,0,2759,0.933448,0.943201,0.933448,0.996389,387.988293,387.988293,387.988293,2.577397,2.577397,
SP_R_DudukBerdiri_1,hrnet,single,dim,121,121,0,0,1.000000,1452,0,1452,0.757404,0.763421,0.757404,1.000000,322.084781,322.084781,322.084781,3.104773,3.104773,
SP_R_DudukBerdiri_2,hrnet,single,dim,128,128,0,0,1.000000,1536,0,1434,0.769258,0.753318,0.769258,0.933594,327.101827,327.101827,327.101827,3.057152,3.057152,
SP_R_Jongkok_1,hrnet,single,dim,109,109,0,0,1.000000,1308,0,1308,0.901223,0.901651,0.901223,1.000000,322.395511,322.395511,322.395511,3.101780,3.101780,
SP_R_Jongkok_2,hrnet,single,dim,169,169,0,0,1.000000,2028,0,1964,0.788578,0.817380,0.788578,0.968442,321.203542,321.203542,321.203542,3.113291,3.113291,
SP_R_PushUp_1,hrnet,single,dim,85,85,0,0,1.000000,647,0,641,0.688601,0.726285,0.701998,0.990726,338.398236,338.398236,338.398236,2.955098,2.955098,
SP_R_PushUp_2,hrnet,single,dim,130,130,0,0,1.000000,1214,0,1142,0.693805,0.698094,0.701054,0.940692,324.829099,324.829099,324.829099,3.078542,3.078542,
SP_R_Yoga_1,hrnet,single,dim,115,115,0,0,1.000000,1487,0,1461,0.842591,0.860711,0.843143,0.982515,326.083635,326.083635,326.083635,3.066698,3.066698,
SP_R_Yoga_2,hrnet,single,dim,175,175,0,0,1.000000,2275,0,2174,0.859121,0.892825,0.859121,0.955604,322.015837,322.015837,322.015837,3.105437,3.105437,
SP_T_DudukBerdiri_1,hrnet,single,bright,122,122,0,0,1.000000,1464,0,1464,0.844633,0.843388,0.844633,1.000000,378.469153,378.469153,378.469153,2.642223,2.642223,
SP_T_DudukBerdiri_2,hrnet,single,bright,134,134,0,0,1.000000,1608,0,1608,0.876684,0.880957,0.876684,1.000000,327.381482,327.381482,327.381482,3.054541,3.054541,
SP_T_Jongkok_1,hrnet,single,bright,124,124,0,0,1.000000,1488,0,1488,0.945822,0.950997,0.945822,1.000000,324.819792,324.819792,324.819792,3.078630,3.078630,
SP_T_Jongkok_2,hrnet,single,bright,145,145,0,0,1.000000,1740,0,1734,0.891648,0.893665,0.891648,0.996552,322.705243,322.705243,322.705243,3.098803,3.098803,
SP_T_PushUp_1,hrnet,single,bright,124,124,0,0,1.000000,998,0,998,0.866020,0.881419,0.871696,1.000000,322.473023,322.473023,322.473023,3.101035,3.101035,
SP_T_PushUp_2,hrnet,single,bright,128,128,0,0,1.000000,1190,0,1134,0.747346,0.742269,0.748710,0.952941,323.601344,323.601344,323.601344,3.090222,3.090222,
SP_T_Yoga_1,hrnet,single,bright,121,120,1,0,0.991736,1560,0,1560,0.899066,0.897487,0.899066,1.000000,321.237844,321.237844,321.237844,3.112958,3.112958,
SP_T_Yoga_2,hrnet,single,bright,226,226,0,0,1.000000,2938,0,2938,0.916010,0.912342,0.916010,1.000000,321.384650,321.384650,321.384650,3.111536,3.111536,
MP_R_DudukBerdiri_1,mediapipe,multi,dim,121,120,0,1,0.991736,1283,90,959,0.453138,0.496289,0.456359,0.747467,29.112036,28.347500,30.815100,34.607276,34.350054,
MP_R_DudukBerdiri_1,alphapose,multi,dim,121,121,0,0,1.000000,1283,0,1187,0.626571,0.679063,0.627245,0.925175,408.059858,408.059858,408.059858,2.450621,2.450621,
MP_R_DudukBerdiri_2,alphapose,multi,dim,150,150,0,0,1.000000,1538,0,1395,0.708019,0.726398,0.705391,0.907022,469.688067,469.688067,469.688067,2.129073,2.129073,
MP_R_Jongkok_1,alphapose,multi,dim,126,126,0,0,1.000000,1512,0,1494,0.841036,0.847664,0.841036,0.988095,407.639121,407.639121,407.639121,2.453150,2.453150,
MP_R_Jongkok_2,alphapose,multi,dim,139,139,0,0,1.000000,1668,0,1627,0.771308,0.785298,0.771308,0.975420,369.532581,369.532581,369.532581,2.706121,2.706121,
MP_R_PushUp_1,alphapose,multi,dim,77,77,0,0,1.000000,557,0,436,0.432850,0.391922,0.464420,0.782765,390.859065,390.859065,390.859065,2.558467,2.558467,
MP_R_PushUp_2,alphapose,multi,dim,91,91,0,0,1.000000,728,0,666,0.642578,0.659761,0.642578,0.914835,432.001181,432.001181,432.001181,2.314808,2.314808,
MP_R_Yoga_1,alphapose,multi,dim,182,182,0,0,1.000000,2361,0,2108,0.730365,0.734811,0.730173,0.892842,376.927352,376.927352,376.927352,2.653031,2.653031,
MP_R_Yoga_2,alphapose,multi,dim,173,173,0,0,1.000000,2249,0,1999,0.770400,0.803719,0.770400,0.888839,394.752682,394.752682,394.752682,2.533232,2.533232,
MP_T_DudukBerdiri_1,alphapose,multi,bright,148,148,0,0,1.000000,1771,0,1754,0.812152,0.827207,0.811953,0.990401,422.667341,422.667341,422.667341,2.365927,2.365927,
MP_T_DudukBerdiri_2,alphapose,multi,bright,145,145,0,0,1.000000,1697,0,1658,0.749149,0.766555,0.748342,0.977018,409.377592,409.377592,409.377592,2.442733,2.442733,
MP_T_Jongkok_1,alphapose,multi,bright,144,144,0,0,1.000000,1728,0,1728,0.922526,0.924434,0.922526,1.000000,353.534269,353.534269,353.534269,2.828580,2.828580,
MP_T_Jongkok_2,alphapose,multi,bright,208,145,63,0,0.697115,1740,0,973,0.277337,0.231730,0.277337,0.559195,371.907503,371.907503,371.907503,2.688841,2.688841,
MP_T_PushUp_1,alphapose,multi,bright,76,76,0,0,1.000000,532,0,527,0.753559,0.753523,0.759886,0.990602,383.309883,383.309883,383.309883,2.608855,2.608855,
MP_T_PushUp_2,alphapose,multi,bright,134,134,0,0,1.000000,1072,0,1054,0.745721,0.751120,0.745721,0.983209,374.326900,374.326900,374.326900,2.671462,2.671462,
MP_T_Yoga_1,alphapose,multi,bright,171,171,0,0,1.000000,2223,0,2223,0.904788,0.899921,0.904788,1.000000,362.906956,362.906956,362.906956,2.755527,2.755527,
MP_T_Yoga_2,alphapose,multi,bright,213,213,0,0,1.000000,2769,0,2769,0.924379,0.927975,0.924379,1.000000,365.567440,365.567440,365.567440,2.735473,2.735473,
SP_R_DudukBerdiri_1,alphapose,single,dim,121,121,0,0,1.000000,1452,0,1447,0.735194,0.735242,0.735194,0.996556,352.577825,352.577825,352.577825,2.836253,2.836253,
SP_R_DudukBerdiri_2,alphapose,single,dim,128,128,0,0,1.000000,1536,0,1424,0.775616,0.774115,0.775616,0.927083,351.277845,351.277845,351.277845,2.846749,2.846749,
SP_R_Jongkok_1,alphapose,single,dim,109,109,0,0,1.000000,1308,0,1303,0.855097,0.868661,0.855097,0.996177,323.196655,323.196655,323.196655,3.094091,3.094091,
SP_R_Jongkok_2,alphapose,single,dim,169,169,0,0,1.000000,2028,0,1923,0.728593,0.694237,0.728593,0.948225,316.553083,316.553083,316.553083,3.159028,3.159028,
SP_R_PushUp_1,alphapose,single,dim,85,84,0,1,0.988235,647,6,595,0.556059,0.641009,0.581144,0.919629,366.040804,366.040804,366.040804,2.731936,2.731936,
SP_R_PushUp_2,alphapose,single,dim,130,130,0,0,1.000000,1214,0,1162,0.641163,0.656457,0.639169,0.957166,317.493362,317.493362,317.493362,3.149672,3.149672,
SP_R_Yoga_1,alphapose,single,dim,115,115,0,0,1.000000,1487,0,1434,0.777416,0.788711,0.777941,0.964358,324.726621,324.726621,324.726621,3.079513,3.079513,
SP_R_Yoga_2,alphapose,single,dim,175,175,0,0,1.000000,2275,0,2129,0.811572,0.834242,0.811572,0.935824,318.714065,318.714065,318.714065,3.137609,3.137609,
SP_T_DudukBerdiri_1,alphapose,single,bright,122,122,0,0,1.000000,1464,0,1464,0.847481,0.848704,0.847481,1.000000,350.898810,350.898810,350.898810,2.849824,2.849824,
SP_T_DudukBerdiri_2,alphapose,single,bright,134,134,0,0,1.000000,1608,0,1608,0.850566,0.853541,0.850566,1.000000,322.831711,322.831711,322.831711,3.097589,3.097589,
SP_T_Jongkok_1,alphapose,single,bright,124,124,0,0,1.000000,1488,0,1488,0.926951,0.931347,0.926951,1.000000,350.865132,350.865132,350.865132,2.850098,2.850098,
SP_T_Jongkok_2,alphapose,single,bright,145,145,0,0,1.000000,1740,0,1727,0.824667,0.851888,0.824667,0.992529,319.610051,319.610051,319.610051,3.128813,3.128813,
SP_T_PushUp_1,alphapose,single,bright,124,124,0,0,1.000000,998,0,998,0.823410,0.844611,0.832238,1.000000,325.590010,325.590010,325.590010,3.071347,3.071347,
SP_T_PushUp_2,alphapose,single,bright,128,128,0,0,1.000000,1190,0,1170,0.734830,0.723711,0.732942,0.983193,328.535829,328.535829,328.535829,3.043808,3.043808,
SP_T_Yoga_1,alphapose,single,bright,121,120,1,0,0.991736,1560,0,1560,0.894982,0.894069,0.894982,1.000000,325.340657,325.340657,325.340657,3.073701,3.073701,
SP_T_Yoga_2,alphapose,single,bright,226,226,0,0,1.000000,2938,0,2938,0.918769,0.918260,0.918769,1.000000,318.740592,318.740592,318.740592,3.137348,3.137348,
MP_R_DudukBerdiri_1,efficientpose,multi,dim,121,121,0,0,1.000000,1283,0,558,0.164101,0.164870,0.164251,0.434918,29.398989,29.243300,31.601500,34.556637,34.014775,
MP_R_DudukBerdiri_2,efficientpose,multi,dim,150,150,0,0,1.000000,1538,0,163,0.038625,0.017132,0.039901,0.105982,29.289131,29.749600,31.938000,34.338927,34.142359,
MP_R_Jongkok_1,efficientpose,multi,dim,126,126,0,0,1.000000,1512,0,726,0.225729,0.211249,0.225729,0.480159,29.537510,29.664050,33.912900,34.141920,33.855257,
MP_R_Jongkok_2,efficientpose,multi,dim,139,139,0,0,1.000000,1668,0,594,0.145903,0.151329,0.145903,0.356115,30.283311,30.368800,33.235500,33.190984,33.021489,
MP_R_PushUp_1,efficientpose,multi,dim,77,77,0,0,1.000000,557,0,330,0.241415,0.188730,0.265249,0.592460,29.245390,29.250300,33.036400,34.461295,34.193424,
MP_R_PushUp_2,efficientpose,multi,dim,91,91,0,0,1.000000,728,0,353,0.219036,0.193499,0.219036,0.484890,31.419092,30.851200,37.532300,32.087512,31.827781,
MP_R_Yoga_1,efficientpose,multi,dim,182,182,0,0,1.000000,2361,0,683,0.114546,0.114434,0.114491,0.289284,30.342135,30.285950,33.006000,33.090558,32.957470,
MP_R_Yoga_2,efficientpose,multi,dim,173,173,0,0,1.000000,2249,0,717,0.129373,0.100001,0.129373,0.318808,29.063594,29.251800,32.419200,34.644715,34.407307,
MP_T_DudukBerdiri_1,efficientpose,multi,bright,148,148,0,0,1.000000,1771,0,1157,0.311770,0.329356,0.311555,0.653303,28.869536,29.011600,31.454700,34.804573,34.638589,
MP_T_DudukBerdiri_2,efficientpose,multi,bright,145,145,0,0,1.000000,1697,0,396,0.107516,0.090054,0.106970,0.233353,28.493397,28.515100,31.533000,35.298442,35.095851,
MP_T_Jongkok_1,efficientpose,multi,bright,144,144,0,0,1.000000,1728,0,1068,0.319050,0.385529,0.319050,0.618056,29.546601,29.744450,32.642200,34.028828,33.844841,
MP_T_Jongkok_2,efficientpose,multi,bright,208,145,63,0,0.697115,1740,0,170,0.041984,0.000002,0.041984,0.097701,29.440934,29.525700,33.093700,34.176405,33.966314,
MP_T_PushUp_1,efficientpose,multi,bright,76,76,0,0,1.000000,532,0,438,0.418769,0.376035,0.448069,0.823308,31.347079,30.899650,37.762600,32.118062,31.900899,
MP_T_PushUp_2,efficientpose,multi,bright,134,134,0,0,1.000000,1072,0,708,0.347335,0.377978,0.347335,0.660448,31.092655,30.241550,37.868700,32.486587,32.161936,
MP_T_Yoga_1,efficientpose,multi,bright,171,171,0,0,1.000000,2223,0,1279,0.283758,0.229240,0.283758,0.575349,29.397136,29.332700,32.528100,34.217671,34.016919,
MP_T_Yoga_2,efficientpose,multi,bright,213,213,0,0,1.000000,2769,0,812,0.151624,0.068939,0.151624,0.293247,28.967057,29.347100,32.016000,34.744425,34.521974,
SP_R_DudukBerdiri_1,efficientpose,single,dim,121,121,0,0,1.000000,1452,0,652,0.151280,0.144109,0.151280,0.449036,28.779557,29.235500,31.388700,34.978743,34.746886,
SP_R_DudukBerdiri_2,efficientpose,single,dim,128,128,0,0,1.000000,1536,0,367,0.099483,0.102324,0.099483,0.238932,29.510271,29.809500,32.726000,34.067873,33.886507,
SP_R_Jongkok_1,efficientpose,single,dim,109,109,0,0,1.000000,1308,0,592,0.178830,0.206942,0.178830,0.452599,29.811630,29.979400,32.932400,33.755707,33.543956,
SP_R_Jongkok_2,efficientpose,single,dim,169,169,0,0,1.000000,2028,0,602,0.122573,0.101459,0.122573,0.296844,29.925120,30.005800,33.286700,33.623413,33.416741,
SP_R_PushUp_1,efficientpose,single,dim,85,85,0,0,1.000000,647,0,470,0.261719,0.226599,0.274745,0.726430,29.992455,29.811900,35.892100,33.613599,33.341718,
SP_R_PushUp_2,efficientpose,single,dim,130,130,0,0,1.000000,1214,0,907,0.416323,0.453156,0.439060,0.747117,30.632274,30.306100,36.288400,32.972597,32.645308,
SP_R_Yoga_1,efficientpose,single,dim,115,115,0,0,1.000000,1487,0,275,0.059192,0.050940,0.059038,0.184936,29.768993,29.227400,34.914900,33.785132,33.592000,
SP_R_Yoga_2,efficientpose,single,dim,175,175,0,0,1.000000,2275,0,838,0.136721,0.124036,0.136721,0.368352,30.263746,30.405200,32.029400,33.104460,33.042836,
SP_T_DudukBerdiri_1,efficientpose,single,bright,122,122,0,0,1.000000,1464,0,1163,0.424911,0.407972,0.424911,0.794399,30.296397,30.201800,32.335600,33.074832,33.007226,
SP_T_DudukBerdiri_2,efficientpose,single,bright,134,134,0,0,1.000000,1608,0,952,0.271752,0.280839,0.271752,0.592040,29.347936,29.428500,33.401000,34.294962,34.073947,
SP_T_Jongkok_1,efficientpose,single,bright,124,124,0,0,1.000000,1488,0,1324,0.495428,0.501914,0.495428,0.889785,29.839127,29.968100,32.916300,33.707803,33.513045,
SP_T_Jongkok_2,efficientpose,single,bright,145,145,0,0,1.000000,1740,0,963,0.237093,0.240746,0.237093,0.553448,29.686887,29.778300,32.357600,33.866205,33.684906,
SP_T_PushUp_1,efficientpose,single,bright,124,124,0,0,1.000000,998,0,964,0.536634,0.620453,0.560182,0.965932,29.351533,29.624550,32.489900,34.351045,34.069771,
SP_T_PushUp_2,efficientpose,single,bright,128,128,0,0,1.000000,1190,0,955,0.486304,0.501891,0.485263,0.802521,29.666489,29.917950,32.084200,33.907042,33.708067,
SP_T_Yoga_1,efficientpose,single,bright,121,120,1,0,0.991736,1560,0,462,0.098857,0.074208,0.098857,0.296154,29.942775,30.111900,32.975900,33.608580,33.397038,
SP_T_Yoga_2,efficientpose,single,bright,226,226,0,0,1.000000,2938,0,2425,0.427764,0.350304,0.427764,0.825391,30.913819,29.947800,36.881900,32.613551,32.347993,
MP_R_DudukBerdiri_1,yolopose,multi,dim,121,121,0,0,1.000000,1283,0,1137,0.544158,0.568497,0.545519,0.886204,28.944511,27.744200,36.289700,35.522697,34.548865,
MP_R_DudukBerdiri_2,yolopose,multi,dim,150,150,0,0,1.000000,1538,0,1331,0.600604,0.622568,0.597468,0.865410,27.039373,26.266950,33.609100,37.479510,36.983107,
MP_R_Jongkok_1,yolopose,multi,dim,126,126,0,0,1.000000,1512,0,1469,0.795920,0.824037,0.795920,0.971561,28.147587,27.064500,36.169600,36.146621,35.527024,
MP_R_Jongkok_2,yolopose,multi,dim,139,139,0,0,1.000000,1668,0,1594,0.696751,0.671208,0.696751,0.955635,27.461229,26.868200,34.148400,36.922563,36.414976,
MP_R_PushUp_1,yolopose,multi,dim,77,77,0,0,1.000000,557,0,327,0.358749,0.454124,0.395339,0.587074,27.016742,26.924600,31.170000,37.349283,37.014086,
MP_R_PushUp_2,yolopose,multi,dim,91,91,0,0,1.000000,728,0,14,0.008617,0.000983,0.008617,0.019231,26.816019,26.595900,30.601900,37.559608,37.291143,
MP_R_Yoga_1,yolopose,multi,dim,182,182,0,0,1.000000,2361,0,1879,0.667501,0.660471,0.667157,0.795849,27.094147,26.351450,33.258300,37.387879,36.908340,
MP_R_Yoga_2,yolopose,multi,dim,173,173,0,0,1.000000,2249,0,1621,0.576190,0.488235,0.576190,0.720765,27.070253,26.310300,36.214800,37.568687,36.940919,
MP_T_DudukBerdiri_1,yolopose,multi,bright,148,148,0,0,1.000000,1771,0,1755,0.783599,0.796146,0.783390,0.990966,27.466198,26.615350,36.672700,37.013437,36.408388,
MP_T_DudukBerdiri_2,yolopose,multi,bright,145,145,0,0,1.000000,1697,0,1579,0.635375,0.653588,0.632606,0.930466,27.683290,26.686000,36.128100,36.731178,36.122875,
MP_T_Jongkok_1,yolopose,multi,bright,144,144,0,0,1.000000,1728,0,1724,0.850521,0.890743,0.850521,0.997685,27.293211,26.355550,35.709800,37.235185,36.639148,
MP_T_Jongkok_2,yolopose,multi,bright,208,145,63,0,0.697115,1740,0,940,0.241934,0.213348,0.241934,0.540230,27.086281,26.581050,33.980200,37.469499,36.919059,
MP_T_PushUp_1,yolopose,multi,bright,76,76,0,0,1.000000,532,0,466,0.508803,0.470790,0.530671,0.875940,28.407533,27.083650,39.174500,35.966000,35.201931,
MP_T_PushUp_2,yolopose,multi,bright,134,134,0,0,1.000000,1072,0,707,0.325457,0.340476,0.325457,0.659515,27.282172,26.731750,34.523400,37.071915,36.653973,
MP_T_Yoga_1,yolopose,multi,bright,171,171,0,0,1.000000,2223,0,2191,0.836925,0.873212,0.836925,0.985605,27.298468,26.698400,33.760400,37.097896,36.632093,
MP_T_Yoga_2,yolopose,multi,bright,213,213,0,0,1.000000,2769,0,2754,0.791148,0.780786,0.791148,0.994583,27.090244,26.534800,34.088600,37.365314,36.913658,
SP_R_DudukBerdiri_1,yolopose,single,dim,121,121,0,0,1.000000,1452,0,1416,0.646200,0.602592,0.646200,0.975207,27.355714,26.063600,35.810700,37.250502,36.555434,
SP_R_DudukBerdiri_2,yolopose,single,dim,128,128,0,0,1.000000,1536,0,1427,0.744898,0.760930,0.744898,0.929036,27.686080,26.722400,35.008000,36.757915,36.119233,
SP_R_Jongkok_1,yolopose,single,dim,109,109,0,0,1.000000,1308,0,1297,0.823013,0.818240,0.823013,0.991590,27.235747,26.487500,34.435900,37.169544,36.716452,
SP_R_Jongkok_2,yolopose,single,dim,169,169,0,0,1.000000,2028,0,1949,0.782850,0.812831,0.782850,0.961045,27.516343,26.713700,33.940700,36.967771,36.342039,
SP_R_PushUp_1,yolopose,single,dim,85,85,0,0,1.000000,647,0,560,0.526320,0.573266,0.537649,0.865533,26.885244,26.446900,30.299300,37.487944,37.195125,
SP_R_PushUp_2,yolopose,single,dim,130,127,0,3,0.976923,1214,28,826,0.317815,0.258797,0.333393,0.680395,27.241025,26.669450,33.988100,37.170757,36.709339,
SP_R_Yoga_1,yolopose,single,dim,115,115,0,0,1.000000,1487,0,1274,0.682231,0.687269,0.682203,0.856759,27.765403,26.627900,37.228800,36.652103,36.016044,
SP_R_Yoga_2,yolopose,single,dim,175,175,0,0,1.000000,2275,0,2052,0.699942,0.658439,0.699942,0.901978,26.904544,25.953600,36.015200,37.771047,37.168443,
SP_T_DudukBerdiri_1,yolopose,single,bright,122,122,0,0,1.000000,1464,0,1464,0.807456,0.811867,0.807456,1.000000,27.435616,26.262050,36.443900,37.232694,36.448973,
SP_T_DudukBerdiri_2,yolopose,single,bright,134,134,0,0,1.000000,1608,0,1607,0.779178,0.769014,0.779178,0.999378,27.350924,26.178750,35.408200,37.140991,36.561836,
SP_T_Jongkok_1,yolopose,single,bright,124,124,0,0,1.000000,1488,0,1477,0.819959,0.839931,0.819959,0.992608,27.940883,27.056500,36.302100,36.401146,35.789850,
SP_T_Jongkok_2,yolopose,single,bright,145,145,0,0,1.000000,1740,0,1665,0.780445,0.766314,0.780445,0.956897,27.783312,26.817200,35.674000,36.627234,35.992829,
SP_T_PushUp_1,yolopose,single,bright,124,124,0,0,1.000000,998,0,997,0.625264,0.679159,0.642015,0.998998,26.867327,25.951800,34.464900,37.809083,37.219928,
SP_T_PushUp_2,yolopose,single,bright,128,128,0,0,1.000000,1190,0,852,0.320030,0.336520,0.334868,0.715966,28.438441,27.522250,37.188500,35.729837,35.163672,
SP_T_Yoga_1,yolopose,single,bright,121,120,1,0,0.991736,1560,0,1560,0.808418,0.802555,0.808418,1.000000,27.932331,28.037700,32.536100,36.087003,35.800808,
SP_T_Yoga_2,yolopose,single,bright,226,226,0,0,1.000000,2938,0,2938,0.805399,0.764806,0.805399,1.000000,28.198094,27.601250,34.669200,35.805865,35.463390,
